
/*
--------------------------------------------------------------------
MercaditoTEC
--------------------------------------------------------------------
Instituto Técnológico de Costa Rica
Área Académica de Ingeniería en Computadores
Especificación y Diseño de Software (CE4101) 
II Semestre 2020
Prof. Luis Diego Noguera Mena
Cristhofer Azofeifa, Tatiana Mora & Rubén Salas
--------------------------------------------------------------------
MercaditoTEC - Data Loader
--------------------------------------------------------------------
*/


/*
--------------------------------------------------------------------
Ubicacion de Inserts por Tabla en Script Actual
--------------------------------------------------------------------
Persona...................................................72
Datic.....................................................176
x
x
Categoria.................................................x
x
x
Estudiante.................................................x
x
x
x
x
x
x
x
x
x
x
x
x
x
x
x
x
x
x
x
x
x
x
x
x
x
x
x
x
x
x
x
x
x
x
--------------------------------------------------------------------
*/


--USE [MercaditoTEC]
--GO


/****** Data:  Persona ******/
insert into Persona (nombre, apellidos, telefono) values ('Sibel', 'Gamage', '5417-7876');
insert into Persona (nombre, apellidos, telefono) values ('Isaiah', 'Blabie', '1872-2960');
insert into Persona (nombre, apellidos, telefono) values ('Elle', 'Timbs', '3314-4624');
insert into Persona (nombre, apellidos, telefono) values ('Sheilah', 'Marvell', '1798-8012');
insert into Persona (nombre, apellidos, telefono) values ('Madella', 'Bodicum', '8341-1082');
insert into Persona (nombre, apellidos, telefono) values ('Alikee', 'Quantick', '1999-9213');
insert into Persona (nombre, apellidos, telefono) values ('Addy', 'Pencot', '3351-1976');
insert into Persona (nombre, apellidos, telefono) values ('Mervin', 'Colquitt', '8022-2089');
insert into Persona (nombre, apellidos, telefono) values ('Gui', 'Hayford', '2599-9053');
insert into Persona (nombre, apellidos, telefono) values ('Farley', 'Tebbe', '1478-8888');
insert into Persona (nombre, apellidos, telefono) values ('Shay', 'Hatherley', '4085-5256');
insert into Persona (nombre, apellidos, telefono) values ('Jeffry', 'Corriea', '4028-8120');
insert into Persona (nombre, apellidos, telefono) values ('Abbott', 'Frango', '7081-1952');
insert into Persona (nombre, apellidos, telefono) values ('Tobit', 'Ledner', '2341-1267');
insert into Persona (nombre, apellidos, telefono) values ('Daveta', 'Klulik', '7865-5884');
insert into Persona (nombre, apellidos, telefono) values ('Natka', 'Daines', '8652-2035');
insert into Persona (nombre, apellidos, telefono) values ('Timi', 'Murrthum', '7832-2401');
insert into Persona (nombre, apellidos, telefono) values ('Maisey', 'Swires', '8624-4693');
insert into Persona (nombre, apellidos, telefono) values ('Venita', 'Crosfield', '8765-5268');
insert into Persona (nombre, apellidos, telefono) values ('Shela', 'Quarry', '4023-3477');
insert into Persona (nombre, apellidos, telefono) values ('Adeline', 'Weatherup', '1043-3952');
insert into Persona (nombre, apellidos, telefono) values ('Sallee', 'Leveritt', '5121-1117');
insert into Persona (nombre, apellidos, telefono) values ('Daile', 'Hissett', '5754-4156');
insert into Persona (nombre, apellidos, telefono) values ('Trstram', 'd''Arcy', '3459-9026');
insert into Persona (nombre, apellidos, telefono) values ('Mickie', 'Camidge', '3692-2692');
insert into Persona (nombre, apellidos, telefono) values ('Morgen', 'Westall', '3615-5137');
insert into Persona (nombre, apellidos, telefono) values ('Fulton', 'Lockyear', '7145-5146');
insert into Persona (nombre, apellidos, telefono) values ('Mylo', 'Pothecary', '3059-9324');
insert into Persona (nombre, apellidos, telefono) values ('Francis', 'Flukes', '9849-9422');
insert into Persona (nombre, apellidos, telefono) values ('Correy', 'Yankov', '6077-7235');
insert into Persona (nombre, apellidos, telefono) values ('Pall', 'De Francesco', '5461-1286');
insert into Persona (nombre, apellidos, telefono) values ('Berthe', 'Benger', '3488-8921');
insert into Persona (nombre, apellidos, telefono) values ('Fredrika', 'McCaughen', '9311-1680');
insert into Persona (nombre, apellidos, telefono) values ('Tybi', 'Alderwick', '2175-5746');
insert into Persona (nombre, apellidos, telefono) values ('Vivi', 'Mordey', '5567-7084');
insert into Persona (nombre, apellidos, telefono) values ('Cherri', 'Jervois', '5945-5239');
insert into Persona (nombre, apellidos, telefono) values ('Rhys', 'Lathom', '7955-5007');
insert into Persona (nombre, apellidos, telefono) values ('Burt', 'Ghidoli', '7791-1562');
insert into Persona (nombre, apellidos, telefono) values ('Mariel', 'Braidman', '9491-1719');
insert into Persona (nombre, apellidos, telefono) values ('Arleen', 'Litster', '5307-7112');
insert into Persona (nombre, apellidos, telefono) values ('Indira', 'Thouless', '5497-7947');
insert into Persona (nombre, apellidos, telefono) values ('Marti', 'Syncke', '4459-9996');
insert into Persona (nombre, apellidos, telefono) values ('Shanon', 'Kornyshev', '3259-9180');
insert into Persona (nombre, apellidos, telefono) values ('Kellby', 'Aupol', '1949-9234');
insert into Persona (nombre, apellidos, telefono) values ('Hershel', 'Lowrey', '2029-9904');
insert into Persona (nombre, apellidos, telefono) values ('Rea', 'Budibent', '8766-6008');
insert into Persona (nombre, apellidos, telefono) values ('Mordecai', 'Addington', '5302-2441');
insert into Persona (nombre, apellidos, telefono) values ('Abey', 'Brosi', '3105-5020');
insert into Persona (nombre, apellidos, telefono) values ('Gary', 'Plumb', '6113-3717');
insert into Persona (nombre, apellidos, telefono) values ('Bronny', 'Boissier', '9638-8257');
insert into Persona (nombre, apellidos, telefono) values ('Free', 'Katz', '3697-7856');
insert into Persona (nombre, apellidos, telefono) values ('Odetta', 'Kilmary', '3453-3176');
insert into Persona (nombre, apellidos, telefono) values ('Kermit', 'Low', '4363-3485');
insert into Persona (nombre, apellidos, telefono) values ('Chandler', 'Simoncelli', '7716-6490');
insert into Persona (nombre, apellidos, telefono) values ('Mellie', 'Roast', '1251-1416');
insert into Persona (nombre, apellidos, telefono) values ('Rosco', 'Flement', '6621-1434');
insert into Persona (nombre, apellidos, telefono) values ('Kenyon', 'Morland', '7271-1508');
insert into Persona (nombre, apellidos, telefono) values ('Chrystel', 'MacGillespie', '5673-3521');
insert into Persona (nombre, apellidos, telefono) values ('Petronilla', 'MacAlpyne', '6627-7720');
insert into Persona (nombre, apellidos, telefono) values ('Adaline', 'Mirfin', '6437-7860');
insert into Persona (nombre, apellidos, telefono) values ('Ludovico', 'Lambshine', '8767-7977');
insert into Persona (nombre, apellidos, telefono) values ('Tiena', 'Steele', '9496-6950');
insert into Persona (nombre, apellidos, telefono) values ('Rosalinda', 'Fittis', '2905-5803');
insert into Persona (nombre, apellidos, telefono) values ('Mirilla', 'Standon', '2987-7253');
insert into Persona (nombre, apellidos, telefono) values ('Shelley', 'Urlin', '3893-3157');
insert into Persona (nombre, apellidos, telefono) values ('Rice', 'Teasey', '2566-6872');
insert into Persona (nombre, apellidos, telefono) values ('Newton', 'McAnulty', '9268-8722');
insert into Persona (nombre, apellidos, telefono) values ('Cesaro', 'Wickersham', '8767-7498');
insert into Persona (nombre, apellidos, telefono) values ('Ephraim', 'Tabard', '8698-8393');
insert into Persona (nombre, apellidos, telefono) values ('Gene', 'Piscot', '6471-1595');
insert into Persona (nombre, apellidos, telefono) values ('Ellen', 'Odlin', '5742-2028');
insert into Persona (nombre, apellidos, telefono) values ('Indira', 'Goodhall', '8672-2653');
insert into Persona (nombre, apellidos, telefono) values ('Aubert', 'Ceresa', '5779-9582');
insert into Persona (nombre, apellidos, telefono) values ('Rhodie', 'Itzik', '1997-7109');
insert into Persona (nombre, apellidos, telefono) values ('Rosene', 'MacAulay', '3983-3891');
insert into Persona (nombre, apellidos, telefono) values ('Marty', 'Jerrems', '6798-8652');
insert into Persona (nombre, apellidos, telefono) values ('Evangelia', 'Shuttell', '1749-9377');
insert into Persona (nombre, apellidos, telefono) values ('Joni', 'Adamik', '2089-9903');
insert into Persona (nombre, apellidos, telefono) values ('Ethelda', 'Adan', '8588-8215');
insert into Persona (nombre, apellidos, telefono) values ('Germain', 'Pauluzzi', '2315-5172');
insert into Persona (nombre, apellidos, telefono) values ('Melina', 'Langcaster', '4409-9369');
insert into Persona (nombre, apellidos, telefono) values ('Reggy', 'Kovalski', '5884-4239');
insert into Persona (nombre, apellidos, telefono) values ('Allan', 'Jouning', '4446-6466');
insert into Persona (nombre, apellidos, telefono) values ('Clark', 'Suero', '3512-2652');
insert into Persona (nombre, apellidos, telefono) values ('Lory', 'Selvey', '8859-9405');
insert into Persona (nombre, apellidos, telefono) values ('Ryun', 'Brumby', '9048-8926');
insert into Persona (nombre, apellidos, telefono) values ('Nat', 'Pie', '8056-6760');
insert into Persona (nombre, apellidos, telefono) values ('Byram', 'Ayto', '9842-2341');
insert into Persona (nombre, apellidos, telefono) values ('Saxon', 'Cudmore', '7285-5803');
insert into Persona (nombre, apellidos, telefono) values ('Mallissa', 'Vercruysse', '6344-4340');
insert into Persona (nombre, apellidos, telefono) values ('Burnaby', 'Thonason', '4284-4701');
insert into Persona (nombre, apellidos, telefono) values ('Loy', 'Malek', '8909-9084');
insert into Persona (nombre, apellidos, telefono) values ('Ozzy', 'Belson', '3805-5400');
insert into Persona (nombre, apellidos, telefono) values ('Kara-lynn', 'Tudor', '8427-7936');
insert into Persona (nombre, apellidos, telefono) values ('Abraham', 'Synder', '8726-6362');
insert into Persona (nombre, apellidos, telefono) values ('Lizbeth', 'Solon', '3767-7031');
insert into Persona (nombre, apellidos, telefono) values ('Claudianus', 'Dunnet', '8387-7155');
insert into Persona (nombre, apellidos, telefono) values ('Horatius', 'Kinig', '8536-6888');
insert into Persona (nombre, apellidos, telefono) values ('Cyb', 'Fancet', '4552-2514');
insert into Persona (nombre, apellidos, telefono) values ('Kirstin', 'Tutton', '2421-1886');
GO


/****** Data:  Datic ******/
insert into Datic (correoInstitucional, contrasena) values ('teanby@estudiantec.cr', '6VT87a');
insert into Datic (correoInstitucional, contrasena) values ('auchinleck@estudiantec.cr', 'hVIt20');
insert into Datic (correoInstitucional, contrasena) values ('edghinn@estudiantec.cr', 'aV5dGY');
insert into Datic (correoInstitucional, contrasena) values ('rings@estudiantec.cr', '8FOywmH');
insert into Datic (correoInstitucional, contrasena) values ('wichard@estudiantec.cr', 'KoD6wQYP');
insert into Datic (correoInstitucional, contrasena) values ('hacking@estudiantec.cr', '4V3iGkGdP');
insert into Datic (correoInstitucional, contrasena) values ('baress@estudiantec.cr', 'Lp4jUmljG');
insert into Datic (correoInstitucional, contrasena) values ('denore@estudiantec.cr', 'YnzfUGcI6');
insert into Datic (correoInstitucional, contrasena) values ('jirak@estudiantec.cr', 'W0lavE6E4Oy');
insert into Datic (correoInstitucional, contrasena) values ('petrelli@estudiantec.cr', 'F3GwT9aesR');
insert into Datic (correoInstitucional, contrasena) values ('brouwer@estudiantec.cr', 'I6ae9MxZ');
insert into Datic (correoInstitucional, contrasena) values ('danilovitch@estudiantec.cr', 'zNCJV9');
insert into Datic (correoInstitucional, contrasena) values ('rannigan@estudiantec.cr', 'WYqYy4F4M');
insert into Datic (correoInstitucional, contrasena) values ('beevis@estudiantec.cr', 'cj8buj2ougVj');
insert into Datic (correoInstitucional, contrasena) values ('langmaid@estudiantec.cr', '685oIN67WNEo');
insert into Datic (correoInstitucional, contrasena) values ('tatersale@estudiantec.cr', 'lJsiCeHd');
insert into Datic (correoInstitucional, contrasena) values ('lemmon@estudiantec.cr', 'j3x9W3KQRF');
insert into Datic (correoInstitucional, contrasena) values ('mouat@estudiantec.cr', '4VH4Ght');
insert into Datic (correoInstitucional, contrasena) values ('pevsner@estudiantec.cr', 'A4OZ31');
insert into Datic (correoInstitucional, contrasena) values ('basezzi@estudiantec.cr', 'pUsaWvM');
insert into Datic (correoInstitucional, contrasena) values ('romaynes@estudiantec.cr', '9mlrLqGB12FA');
insert into Datic (correoInstitucional, contrasena) values ('moulster@estudiantec.cr', '0m9DD6W8d5ho');
insert into Datic (correoInstitucional, contrasena) values ('biscomb@estudiantec.cr', 'UngiFq0D');
insert into Datic (correoInstitucional, contrasena) values ('verrier@estudiantec.cr', 'WhV18mbd03bm');
insert into Datic (correoInstitucional, contrasena) values ('cohalan@estudiantec.cr', 'lAuhps');
insert into Datic (correoInstitucional, contrasena) values ('warcup@estudiantec.cr', 'b4qe48Yc');
insert into Datic (correoInstitucional, contrasena) values ('harbison@estudiantec.cr', 'k1LhsJ83');
insert into Datic (correoInstitucional, contrasena) values ('ebsworth@estudiantec.cr', 'fTf6VPZ2PIy');
insert into Datic (correoInstitucional, contrasena) values ('pinnere@estudiantec.cr', 'fNgBzshQq');
insert into Datic (correoInstitucional, contrasena) values ('ghelardi@estudiantec.cr', 'AhYaCOc05Oe7');
insert into Datic (correoInstitucional, contrasena) values ('tomanek@estudiantec.cr', '1mCWLC9GpwSf');
insert into Datic (correoInstitucional, contrasena) values ('beckson@estudiantec.cr', '3RId0RZBLiU');
insert into Datic (correoInstitucional, contrasena) values ('buckby@estudiantec.cr', 'ns6N0LZW');
insert into Datic (correoInstitucional, contrasena) values ('bilofsky@estudiantec.cr', 'Y6nvjFu');
insert into Datic (correoInstitucional, contrasena) values ('fritchly@estudiantec.cr', 'tkBYJh6dVu9');
insert into Datic (correoInstitucional, contrasena) values ('todman@estudiantec.cr', 'UVxzW7wbz');
insert into Datic (correoInstitucional, contrasena) values ('pettet@estudiantec.cr', 'R9mY0T');
insert into Datic (correoInstitucional, contrasena) values ('marke@estudiantec.cr', 'jwW0EqE');
insert into Datic (correoInstitucional, contrasena) values ('tonepohl@estudiantec.cr', 'LYzwn6yS');
insert into Datic (correoInstitucional, contrasena) values ('ollerenshaw@estudiantec.cr', 'eU5A5ZO3');
insert into Datic (correoInstitucional, contrasena) values ('jacop@estudiantec.cr', '41U44JiFR');
insert into Datic (correoInstitucional, contrasena) values ('clemencet@estudiantec.cr', 'xmplqG93d');
insert into Datic (correoInstitucional, contrasena) values ('mussilli@estudiantec.cr', 'XU9MwNCu');
insert into Datic (correoInstitucional, contrasena) values ('mclafferty@estudiantec.cr', 'wWXEsPoTdVu');
insert into Datic (correoInstitucional, contrasena) values ('stacy@estudiantec.cr', 'H3Q9fuFr');
insert into Datic (correoInstitucional, contrasena) values ('chivrall@estudiantec.cr', 'SUiIGctVR');
insert into Datic (correoInstitucional, contrasena) values ('tann@estudiantec.cr', 'ESTrAy5z5');
insert into Datic (correoInstitucional, contrasena) values ('bowdery@estudiantec.cr', '10nDCd8kWC');
insert into Datic (correoInstitucional, contrasena) values ('stuttman@estudiantec.cr', 'SbPNVC8');
insert into Datic (correoInstitucional, contrasena) values ('trusler@estudiantec.cr', 'IFPgEStzsiv');
insert into Datic (correoInstitucional, contrasena) values ('sabberton@estudiantec.cr', '8j86dzEf');
insert into Datic (correoInstitucional, contrasena) values ('cozins@estudiantec.cr', '73RvKrQZ8');
insert into Datic (correoInstitucional, contrasena) values ('inett@estudiantec.cr', 'qX3Wo36D');
insert into Datic (correoInstitucional, contrasena) values ('boate@estudiantec.cr', 'o8cnE8TrVXO');
insert into Datic (correoInstitucional, contrasena) values ('davoren@estudiantec.cr', '6AZT5d');
insert into Datic (correoInstitucional, contrasena) values ('jeenes@estudiantec.cr', 'T59rGqpqPCJF');
insert into Datic (correoInstitucional, contrasena) values ('kenson@estudiantec.cr', 'Fo3hVzdkEd0');
insert into Datic (correoInstitucional, contrasena) values ('fennelow@estudiantec.cr', 'AeB4A6');
insert into Datic (correoInstitucional, contrasena) values ('smalls@estudiantec.cr', 'xZDAqGUHmiLU');
insert into Datic (correoInstitucional, contrasena) values ('osbourn@estudiantec.cr', 'bhXVIivE');
insert into Datic (correoInstitucional, contrasena) values ('jakubovsky@estudiantec.cr', 'P5DqJ0U3HPxn');
insert into Datic (correoInstitucional, contrasena) values ('edwardson@estudiantec.cr', 'SFzeTvv');
insert into Datic (correoInstitucional, contrasena) values ('mielnik@estudiantec.cr', '7JADGbkU');
insert into Datic (correoInstitucional, contrasena) values ('lovitt@estudiantec.cr', 'xYQMj0jq9g0W');
insert into Datic (correoInstitucional, contrasena) values ('helmke@estudiantec.cr', 'QMjgtgcYVf');
insert into Datic (correoInstitucional, contrasena) values ('quin@estudiantec.cr', 'OEGHGjBHkU7e');
insert into Datic (correoInstitucional, contrasena) values ('gouldeby@estudiantec.cr', 'LOYAaa');
insert into Datic (correoInstitucional, contrasena) values ('budcock@estudiantec.cr', '7BOnZIXVV');
insert into Datic (correoInstitucional, contrasena) values ('phlippsen@estudiantec.cr', 'gPnKIffmZPf');
insert into Datic (correoInstitucional, contrasena) values ('whickman@estudiantec.cr', 'jg3cMynjwyE');
insert into Datic (correoInstitucional, contrasena) values ('vedeneev@estudiantec.cr', 'oWFp0J5hpVu');
insert into Datic (correoInstitucional, contrasena) values ('lack@estudiantec.cr', 'ihlO01Tzq');
insert into Datic (correoInstitucional, contrasena) values ('ferencz@estudiantec.cr', 'MNNq6L');
insert into Datic (correoInstitucional, contrasena) values ('thomtson@estudiantec.cr', 'qyYpySK');
insert into Datic (correoInstitucional, contrasena) values ('rikkard@estudiantec.cr', 'ztptiJOOe85');
insert into Datic (correoInstitucional, contrasena) values ('tuvey@estudiantec.cr', 'Ph3OYV');
insert into Datic (correoInstitucional, contrasena) values ('endley@estudiantec.cr', 'zYnlv8jAltqs');
insert into Datic (correoInstitucional, contrasena) values ('mayow@estudiantec.cr', 'Vg0HkD');
insert into Datic (correoInstitucional, contrasena) values ('goby@estudiantec.cr', 'g2a7MWxmH');
insert into Datic (correoInstitucional, contrasena) values ('wainman@estudiantec.cr', 'hQpgM6YwWy');
insert into Datic (correoInstitucional, contrasena) values ('gemmill@estudiantec.cr', '7DvX4qUfUGL');
insert into Datic (correoInstitucional, contrasena) values ('hofer@estudiantec.cr', 'eGTjItz9lv');
insert into Datic (correoInstitucional, contrasena) values ('ricardon@estudiantec.cr', 'uinDbHDhrp');
insert into Datic (correoInstitucional, contrasena) values ('flament@estudiantec.cr', 'sebZInJ');
insert into Datic (correoInstitucional, contrasena) values ('fearey@estudiantec.cr', '3RH9pEgMpQs');
insert into Datic (correoInstitucional, contrasena) values ('pipworth@estudiantec.cr', '0eoJTXGLcilO');
insert into Datic (correoInstitucional, contrasena) values ('pritty@estudiantec.cr', '8sN4Bz3qKLv');
insert into Datic (correoInstitucional, contrasena) values ('cawley@estudiantec.cr', 'WdXNQHO2');
insert into Datic (correoInstitucional, contrasena) values ('kiddey@estudiantec.cr', 'iHFZAz1x');
insert into Datic (correoInstitucional, contrasena) values ('kinset@estudiantec.cr', 'aTJzgJF');
insert into Datic (correoInstitucional, contrasena) values ('birrane@estudiantec.cr', 'PVBYVZsz15WC');
insert into Datic (correoInstitucional, contrasena) values ('choldcroft@estudiantec.cr', 'wXdTVPAIzrS');
insert into Datic (correoInstitucional, contrasena) values ('thurborn@estudiantec.cr', 'vPDoDV');
insert into Datic (correoInstitucional, contrasena) values ('mccaffery@estudiantec.cr', 'MG27e7');
insert into Datic (correoInstitucional, contrasena) values ('ovell@estudiantec.cr', 'ClWQLQ');
insert into Datic (correoInstitucional, contrasena) values ('mccormack@estudiantec.cr', '8Eex3WE5A');
insert into Datic (correoInstitucional, contrasena) values ('hoyte@estudiantec.cr', '4XGCFE8AH');
insert into Datic (correoInstitucional, contrasena) values ('hupka@estudiantec.cr', '5mjOIJTRxU');
insert into Datic (correoInstitucional, contrasena) values ('firsby@estudiantec.cr', 'xUXvSuZt');
insert into Datic (correoInstitucional, contrasena) values ('mibourne@estudiantec.cr', 'kmTXflUnUx');
GO


/****** Data:  Carrera ******/


/****** Data:  MetodoPago ******/


/****** Data:  Categoria ******/
insert into Categoria (nombre, puntaje) values ('Electrodomésticos', 448);
insert into Categoria (nombre, puntaje) values ('Juguetes', 185);
insert into Categoria (nombre, puntaje) values ('Joyas', 365);
insert into Categoria (nombre, puntaje) values ('Oficina', 174);
insert into Categoria (nombre, puntaje) values ('Mascotas', 205);
insert into Categoria (nombre, puntaje) values ('Arte', 419);
insert into Categoria (nombre, puntaje) values ('Herramientas', 323);
insert into Categoria (nombre, puntaje) values ('Muebles', 130);
insert into Categoria (nombre, puntaje) values ('Celulares', 394);
insert into Categoria (nombre, puntaje) values ('Videojuegos', 147);
insert into Categoria (nombre, puntaje) values ('Fotografía', 396);
insert into Categoria (nombre, puntaje) values ('Deportes', 166);
insert into Categoria (nombre, puntaje) values ('Instrumentos Musicales', 429);
insert into Categoria (nombre, puntaje) values ('Audio y Video', 155);
insert into Categoria (nombre, puntaje) values ('Ropa y Accesorios', 377);
insert into Categoria (nombre, puntaje) values ('Salud', 234);
insert into Categoria (nombre, puntaje) values ('Computacion', 155);
insert into Categoria (nombre, puntaje) values ('Libros', 435);
insert into Categoria (nombre, puntaje) values ('Comestibles', 187);


/****** Data:  Provincia ******/


/****** Data:  TasaCambio ******/


/****** Data:  Estudiante ******/
insert into Estudiante (idPersona, correoInstitucional, puntosCanje, haIngresadoWeb, haIngresadoApp) values (63, 'tatersale@estudiantec.cr', 3855, 1, 0);
insert into Estudiante (idPersona, correoInstitucional, puntosCanje, haIngresadoWeb, haIngresadoApp) values (60, 'mccaffery@estudiantec.cr', 3608, 1, 0);
insert into Estudiante (idPersona, correoInstitucional, puntosCanje, haIngresadoWeb, haIngresadoApp) values (41, 'mielnik@estudiantec.cr', 5259, 0, 1);
insert into Estudiante (idPersona, correoInstitucional, puntosCanje, haIngresadoWeb, haIngresadoApp) values (81, 'moulster@estudiantec.cr', 4746, 0, 0);
insert into Estudiante (idPersona, correoInstitucional, puntosCanje, haIngresadoWeb, haIngresadoApp) values (18, 'fearey@estudiantec.cr', 5449, 1, 0);
insert into Estudiante (idPersona, correoInstitucional, puntosCanje, haIngresadoWeb, haIngresadoApp) values (36, 'ricardon@estudiantec.cr', 4506, 0, 1);
insert into Estudiante (idPersona, correoInstitucional, puntosCanje, haIngresadoWeb, haIngresadoApp) values (58, 'stacy@estudiantec.cr', 103, 0, 1);
insert into Estudiante (idPersona, correoInstitucional, puntosCanje, haIngresadoWeb, haIngresadoApp) values (29, 'marke@estudiantec.cr', 2209, 0, 1);
insert into Estudiante (idPersona, correoInstitucional, puntosCanje, haIngresadoWeb, haIngresadoApp) values (92, 'pevsner@estudiantec.cr', 5450, 0, 0);
insert into Estudiante (idPersona, correoInstitucional, puntosCanje, haIngresadoWeb, haIngresadoApp) values (91, 'thurborn@estudiantec.cr', 4282, 1, 0);
insert into Estudiante (idPersona, correoInstitucional, puntosCanje, haIngresadoWeb, haIngresadoApp) values (13, 'budcock@estudiantec.cr', 5087, 0, 1);
insert into Estudiante (idPersona, correoInstitucional, puntosCanje, haIngresadoWeb, haIngresadoApp) values (30, 'lack@estudiantec.cr', 3726, 1, 0);
insert into Estudiante (idPersona, correoInstitucional, puntosCanje, haIngresadoWeb, haIngresadoApp) values (28, 'mayow@estudiantec.cr', 2072, 0, 0);
insert into Estudiante (idPersona, correoInstitucional, puntosCanje, haIngresadoWeb, haIngresadoApp) values (15, 'mussilli@estudiantec.cr', 3530, 1, 1);
insert into Estudiante (idPersona, correoInstitucional, puntosCanje, haIngresadoWeb, haIngresadoApp) values (48, 'inett@estudiantec.cr', 2644, 0, 1);
insert into Estudiante (idPersona, correoInstitucional, puntosCanje, haIngresadoWeb, haIngresadoApp) values (70, 'rannigan@estudiantec.cr', 3919, 1, 1);
insert into Estudiante (idPersona, correoInstitucional, puntosCanje, haIngresadoWeb, haIngresadoApp) values (82, 'goby@estudiantec.cr', 191, 0, 0);
insert into Estudiante (idPersona, correoInstitucional, puntosCanje, haIngresadoWeb, haIngresadoApp) values (35, 'stuttman@estudiantec.cr', 4112, 0, 0);
insert into Estudiante (idPersona, correoInstitucional, puntosCanje, haIngresadoWeb, haIngresadoApp) values (3, 'danilovitch@estudiantec.cr', 5843, 1, 0);
insert into Estudiante (idPersona, correoInstitucional, puntosCanje, haIngresadoWeb, haIngresadoApp) values (68, 'baress@estudiantec.cr', 3642, 1, 1);
insert into Estudiante (idPersona, correoInstitucional, puntosCanje, haIngresadoWeb, haIngresadoApp) values (57, 'biscomb@estudiantec.cr', 5199, 1, 1);
insert into Estudiante (idPersona, correoInstitucional, puntosCanje, haIngresadoWeb, haIngresadoApp) values (80, 'stacy@estudiantec.cr', 4334, 0, 1);
insert into Estudiante (idPersona, correoInstitucional, puntosCanje, haIngresadoWeb, haIngresadoApp) values (73, 'stuttman@estudiantec.cr', 4886, 0, 0);
insert into Estudiante (idPersona, correoInstitucional, puntosCanje, haIngresadoWeb, haIngresadoApp) values (62, 'firsby@estudiantec.cr', 1338, 0, 0);
insert into Estudiante (idPersona, correoInstitucional, puntosCanje, haIngresadoWeb, haIngresadoApp) values (16, 'sabberton@estudiantec.cr', 4281, 0, 1);
insert into Estudiante (idPersona, correoInstitucional, puntosCanje, haIngresadoWeb, haIngresadoApp) values (96, 'fritchly@estudiantec.cr', 19, 0, 0);
insert into Estudiante (idPersona, correoInstitucional, puntosCanje, haIngresadoWeb, haIngresadoApp) values (38, 'wichard@estudiantec.cr', 1451, 0, 0);
insert into Estudiante (idPersona, correoInstitucional, puntosCanje, haIngresadoWeb, haIngresadoApp) values (43, 'stuttman@estudiantec.cr', 3716, 0, 1);
insert into Estudiante (idPersona, correoInstitucional, puntosCanje, haIngresadoWeb, haIngresadoApp) values (59, 'rings@estudiantec.cr', 1109, 1, 0);
insert into Estudiante (idPersona, correoInstitucional, puntosCanje, haIngresadoWeb, haIngresadoApp) values (99, 'buckby@estudiantec.cr', 4781, 0, 0);
insert into Estudiante (idPersona, correoInstitucional, puntosCanje, haIngresadoWeb, haIngresadoApp) values (71, 'hoyte@estudiantec.cr', 4461, 1, 1);
insert into Estudiante (idPersona, correoInstitucional, puntosCanje, haIngresadoWeb, haIngresadoApp) values (79, 'sabberton@estudiantec.cr', 433, 0, 0);
insert into Estudiante (idPersona, correoInstitucional, puntosCanje, haIngresadoWeb, haIngresadoApp) values (69, 'tuvey@estudiantec.cr', 5309, 0, 0);
insert into Estudiante (idPersona, correoInstitucional, puntosCanje, haIngresadoWeb, haIngresadoApp) values (87, 'langmaid@estudiantec.cr', 2912, 0, 1);
insert into Estudiante (idPersona, correoInstitucional, puntosCanje, haIngresadoWeb, haIngresadoApp) values (14, 'auchinleck@estudiantec.cr', 2713, 0, 0);
insert into Estudiante (idPersona, correoInstitucional, puntosCanje, haIngresadoWeb, haIngresadoApp) values (8, 'ollerenshaw@estudiantec.cr', 2525, 0, 0);
insert into Estudiante (idPersona, correoInstitucional, puntosCanje, haIngresadoWeb, haIngresadoApp) values (4, 'jeenes@estudiantec.cr', 4988, 0, 1);
insert into Estudiante (idPersona, correoInstitucional, puntosCanje, haIngresadoWeb, haIngresadoApp) values (6, 'phlippsen@estudiantec.cr', 1823, 1, 1);
insert into Estudiante (idPersona, correoInstitucional, puntosCanje, haIngresadoWeb, haIngresadoApp) values (66, 'quin@estudiantec.cr', 3693, 1, 0);
insert into Estudiante (idPersona, correoInstitucional, puntosCanje, haIngresadoWeb, haIngresadoApp) values (65, 'marke@estudiantec.cr', 3449, 1, 0);
insert into Estudiante (idPersona, correoInstitucional, puntosCanje, haIngresadoWeb, haIngresadoApp) values (10, 'rings@estudiantec.cr', 5437, 0, 1);
insert into Estudiante (idPersona, correoInstitucional, puntosCanje, haIngresadoWeb, haIngresadoApp) values (33, 'basezzi@estudiantec.cr', 4762, 0, 0);
insert into Estudiante (idPersona, correoInstitucional, puntosCanje, haIngresadoWeb, haIngresadoApp) values (55, 'mibourne@estudiantec.cr', 5283, 1, 0);
insert into Estudiante (idPersona, correoInstitucional, puntosCanje, haIngresadoWeb, haIngresadoApp) values (19, 'wichard@estudiantec.cr', 1172, 0, 0);
insert into Estudiante (idPersona, correoInstitucional, puntosCanje, haIngresadoWeb, haIngresadoApp) values (75, 'choldcroft@estudiantec.cr', 2982, 1, 1);
insert into Estudiante (idPersona, correoInstitucional, puntosCanje, haIngresadoWeb, haIngresadoApp) values (52, 'warcup@estudiantec.cr', 852, 0, 0);
insert into Estudiante (idPersona, correoInstitucional, puntosCanje, haIngresadoWeb, haIngresadoApp) values (44, 'thomtson@estudiantec.cr', 1799, 0, 0);
insert into Estudiante (idPersona, correoInstitucional, puntosCanje, haIngresadoWeb, haIngresadoApp) values (74, 'tonepohl@estudiantec.cr', 828, 1, 1);
insert into Estudiante (idPersona, correoInstitucional, puntosCanje, haIngresadoWeb, haIngresadoApp) values (77, 'firsby@estudiantec.cr', 3208, 1, 1);
insert into Estudiante (idPersona, correoInstitucional, puntosCanje, haIngresadoWeb, haIngresadoApp) values (54, 'jakubovsky@estudiantec.cr', 671, 1, 1);
insert into Estudiante (idPersona, correoInstitucional, puntosCanje, haIngresadoWeb, haIngresadoApp) values (20, 'gouldeby@estudiantec.cr', 4403, 0, 0);
insert into Estudiante (idPersona, correoInstitucional, puntosCanje, haIngresadoWeb, haIngresadoApp) values (21, 'gemmill@estudiantec.cr', 2051, 1, 1);
insert into Estudiante (idPersona, correoInstitucional, puntosCanje, haIngresadoWeb, haIngresadoApp) values (7, 'tuvey@estudiantec.cr', 3004, 0, 0);
insert into Estudiante (idPersona, correoInstitucional, puntosCanje, haIngresadoWeb, haIngresadoApp) values (27, 'hacking@estudiantec.cr', 82, 0, 1);
insert into Estudiante (idPersona, correoInstitucional, puntosCanje, haIngresadoWeb, haIngresadoApp) values (98, 'choldcroft@estudiantec.cr', 4537, 0, 1);
insert into Estudiante (idPersona, correoInstitucional, puntosCanje, haIngresadoWeb, haIngresadoApp) values (49, 'ghelardi@estudiantec.cr', 2151, 1, 0);
insert into Estudiante (idPersona, correoInstitucional, puntosCanje, haIngresadoWeb, haIngresadoApp) values (46, 'mccormack@estudiantec.cr', 3799, 0, 1);
insert into Estudiante (idPersona, correoInstitucional, puntosCanje, haIngresadoWeb, haIngresadoApp) values (94, 'helmke@estudiantec.cr', 228, 1, 1);
insert into Estudiante (idPersona, correoInstitucional, puntosCanje, haIngresadoWeb, haIngresadoApp) values (76, 'lack@estudiantec.cr', 2327, 0, 1);
insert into Estudiante (idPersona, correoInstitucional, puntosCanje, haIngresadoWeb, haIngresadoApp) values (56, 'mccormack@estudiantec.cr', 2829, 0, 1);
insert into Estudiante (idPersona, correoInstitucional, puntosCanje, haIngresadoWeb, haIngresadoApp) values (32, 'fearey@estudiantec.cr', 251, 0, 0);
insert into Estudiante (idPersona, correoInstitucional, puntosCanje, haIngresadoWeb, haIngresadoApp) values (2, 'ebsworth@estudiantec.cr', 5380, 0, 1);
insert into Estudiante (idPersona, correoInstitucional, puntosCanje, haIngresadoWeb, haIngresadoApp) values (11, 'pritty@estudiantec.cr', 1181, 1, 0);
insert into Estudiante (idPersona, correoInstitucional, puntosCanje, haIngresadoWeb, haIngresadoApp) values (93, 'mouat@estudiantec.cr', 2047, 1, 0);
insert into Estudiante (idPersona, correoInstitucional, puntosCanje, haIngresadoWeb, haIngresadoApp) values (100, 'baress@estudiantec.cr', 5771, 0, 1);
insert into Estudiante (idPersona, correoInstitucional, puntosCanje, haIngresadoWeb, haIngresadoApp) values (78, 'mielnik@estudiantec.cr', 4936, 1, 1);
insert into Estudiante (idPersona, correoInstitucional, puntosCanje, haIngresadoWeb, haIngresadoApp) values (88, 'stuttman@estudiantec.cr', 363, 1, 1);
insert into Estudiante (idPersona, correoInstitucional, puntosCanje, haIngresadoWeb, haIngresadoApp) values (97, 'beevis@estudiantec.cr', 4607, 1, 1);
insert into Estudiante (idPersona, correoInstitucional, puntosCanje, haIngresadoWeb, haIngresadoApp) values (26, 'cohalan@estudiantec.cr', 1482, 1, 1);
insert into Estudiante (idPersona, correoInstitucional, puntosCanje, haIngresadoWeb, haIngresadoApp) values (89, 'cawley@estudiantec.cr', 1159, 0, 1);
GO

